MUNICIPIOS,VIGENCIA,PRODUCCION EN JAULAS Y JAULONES TILAPIA PESO DE LA COSECHA Kg,PRODUCCION EN JAULAS Y JAULONES TILAPIA No. ALEVINOS S,PRODUCCION EN JAULAS Y JAULONES TILAPIA No. ALEVINOS C,PRODUCCION EN JAULAS Y JAULONES TILAPIA PESO PROM UNIDAD (Gs),PRODUCCIÒN EN ESTANQUES TILAPIA ROJA PESO DE LA COSECHA Kg,PRODUCCIÒN EN ESTANQUES TILAPIA ROJA No. ALEVINOS S,PRODUCCIÒN EN ESTANQUES TILAPIA ROJA No. ALEVINOS C,PRODUCCIÒN EN ESTANQUES TILAPIA ROJA PESO PROM UNIDAD (Gs),PRODUCCIÒN EN ESTANQUES CACHAMA PESO DE LA COSECHA Kg,PRODUCCIÒN EN ESTANQUES CACHAMA No. ALEVINOS S,PRODUCCIÒN EN ESTANQUES CACHAMA No. ALEVINOS C,PRODUCCIÒN EN ESTANQUES CACHAMA PESO PROM UNIDAD (Gs),PRODUCCIÒN EN ESTANQUES CARPA No. ALEVINOS PRODUCCIÒN EN ESTANQUES CARPA PESO DE LA COSECHA Kg,PRODUCCIÒN EN ESTANQUES CARPA No. ALEVINOS S,PRODUCCIÒN EN ESTANQUES CARPA No. ALEVINOS C,PRODUCCIÒN EN ESTANQUES CARPA PESO PROM UNIDAD (Gs),PRODUCCIÓN EN ESTANQUES TRUCHA PESO DE LA COSECHA Kg,PRODUCCIÓN EN ESTANQUES TRUCHA No. ALEVINOS S,PRODUCCIÓN EN ESTANQUES TRUCHA No. ALEVINOS C,PRODUCCIÓN EN ESTANQUES TRUCHA PESO PROM UNIDAD (Gs),PRODUCCIÓN EN ESTANQUES MOJARRA PLATEADA PESO DE LA COSECHA Kg,PRODUCCIÓN EN ESTANQUES MOJARRA PLATEADA No. ALEVINOS S,PRODUCCIÓN EN ESTANQUES MOJARRA PLATEADA No. ALEVINOS C,PRODUCCIÓN EN ESTANQUES MOJARRA PLATEADA PESO PROM UNIDAD (Gs),PRODUCCIÓN EN ESTANQUES BOCACHICO PESO DE LA COSECHA Kg,PRODUCCIÓN EN ESTANQUES BOCACHICO No. ALEVINOS S,PRODUCCIÓN EN ESTANQUES BOCACHICO No. ALEVINOS C,PRODUCCIÓN EN ESTANQUES BOCACHICO PESO PROM UNIDAD (Gs),PRODUCCIÓN EN ESTANQUES SABALO PESO DE LA COSECHA Kg,PRODUCCIÓN EN ESTANQUES SABALO No. ALEVINOS S,PRODUCCIÓN EN ESTANQUES SABALO No. ALEVINOS C,PRODUCCIÓN EN ESTANQUES SABALO PESO PROM UNIDAD (Gs),PRODUCCIÒN TOTAL PESO DE LA COSECHA Kg,PRODUCCIÒN TOTAL No. ALEVINOS S,PRODUCCIÒN TOTAL No. ALEVINOS C
Neiva,2012,0,0,0,0,255.000,800.000,750.000,340,500,1.000,930,538,0,0,0,0,1.571,3.500,3.255,483,0,0,0,0,0,0,0,0,800,1.800,1.656,483,257.871,806.300,755.841
Aipe,2012,0,0,0,0,2.250.000,7.600.000,6.460.000,348,503.426,1.297.000,1.176.491,428,0,0,0,0,0,0,0,0,0,0,0,0,1.001,3.400,2.925,342,154.186,352.550,333.606,462,2.908.613,9.252.950,7.973.022
Algeciras,2012,0,0,0,0,17.500,36.000,35.000,500,1.000,3.000,2.000,500,0,0,0,0,4.500,15.000,13.200,341,0,0,0,0,1.520,4.000,3.900,390,5.720,16.250,14.300,400,30.240,74.250,68.400
Baraya,2012,0,0,0,0,261.947,800.000,710.000,369,18.846,25.000,23.250,811,25,50,47,538,0,0,0,0,0,0,0,0,0,0,0,0,3.000,5.000,4.615,650,283.818,830.050,737.912
Campoalegre,2012,14.160.000,49.500.000,39.600.000,358,147.000,500000,425.000,346,5.180,7.200,6.696,774,15,25,23,645,0,0,0,0,0,0,0,0,1.550,3.500,3.220,481,500,1.000,900,556,14.314.245,50.011.725,40.035.839
Colombia,2012,0,0,0,0,11.000,35.000,32.000,344,4.538,10.800,9.137,497,0,0,0,0,0,0,0,0,0,0,0,0,0,0,0,0,0,0,0,0,15.538,45.800,41.137
Hobo,2012,3.685.000,12.800.000,10.240.000,360,598,2000,1.850,323,12.000,16.500,15.345,782,0,0,0,0,0,0,0,0,0,0,0,0,0,0,0,0,0,0,0,0,3.697.598,12.818.500,10.257.195
Iquira,2012,0,0,0,0,8.000,27.000,25.000,320,2.925,7.650,6.500,450,0,0,0,0,2.250,5.000,4.500,500,0,0,0,0,0,0,0,0,212,500,450,471,13.387,40.150,36.450
Palermo,2012,0,0,0,0,179.920,572.000,525.000,343,37.440,70.000,65.000,576,0,0,0,0,0,0,0,0,0,0,0,0,2.800,7.500,6.850,409,500,1.200,1.104,453,220.660,650.700,597.954
Rivera,2012,0,0,0,0,144.990,450.000,414.000,350,13.662,45.000,41.400,330,400,1.400,1.400,286,0,0,0,0,0,0,0,0,3.050,10.000,9.200,332,3.800,10.000,9.200,413,165.902,516.400,475.200
Santa Maria,2012,0,0,0,0,1.500,4.500,3.900,385,0,0,0,0,0,0,0,0,7.160,11.000,10.500,682,0,0,0,0,0,0,0,0,0,0,0,0,8.660,15.500,14.400
Tello,2012,0,0,0,0,6.817,22.500,19.574,348,2.931,6.250,3.030,967,0,0,0,0,0,0,0,0,0,0,0,0,1.568,6.000,5.200,302,608,1.300,1.254,485,11.924,36.050,29.058
Teruel,2012,0,0,0,0,1.250,3.000,2.500,500,1.000,2.200,2.000,500,0,0,0,0,3.750,8.000,7.500,500,0,0,0,0,0,0,0,0,1.250,1.800,2.500,500,7.250,15.000,14.500
Villavieja,2012,0,0,0,0,5.465,24.300,18.425,297,9.539,20.620,18.135,526,0,0,0,0,0,0,0,0,0,0,0,0,0,0,0,0,0,0,0,0,15.004,44.920,36.560
Yaguará ,2012,10.283.000,37.000.000,28.860.000,356,0,0,0,0,0,0,0,0,0,0,0,0,0,0,0,0,0,0,0,0,0,0,0,0,0,0,0,0,10.283.000,37.000.000,28.860.000
La PLata,2012,0,0,0,0,29.050,90.000,83.000,350,2.475,5.200,4.950,500,2.040,3.700,3.400,600,1.238,3.000,2.750,450,4.785,9.000,8.700,550,59,150,130,454,1.500,2.800,2.500,600,41.147,113.850,105.430
La Argentina,2012,0,0,0,0,30.000,88.000,82.000,366,4.332,10.000,9.300,466,1.400,3.000,2.800,500,5.350,22.000,21.400,250,1.115,4.000,3.300,338,0,0,0,0,700,1.500,1.380,507,42.897,128.500,120.180
Nátaga,2012,0,0,0,0,3.430,11.000,9.800,350,1.700,5.600,4.280,397,181,500,430,421,0,0,0,0,632,2.000,1.580,400,0,0,0,0,2.488,7.000,6.380,390,8.431,26.100,22.470
Paicol,2012,0,0,0,0,23.931,79.000,72.000,332,3.500,8.950,8.324,420,1.200,2.000,1.860,645,0,0,0,0,0,0,0,0,0,0,0,0,500,1.500,1.380,362,29.131,91.450,83.564
Tesalia,2012,0,0,0,0,7.200,13.500,12.500,576,2.250,2.600,2.500,900,960,1.000,960,1000,0,0,0,0,0,0,0,0,0,0,0,0,1.000,1.100,1.000,1000,11.410,18.200,16.960
Garzón,2012,0,0,0,0,1.256.640,4.200.000,3.570.000,352,117.405,265.000,246.450,476,0,0,0,0,7.500,25.000,22.500,333,0,0,0,0,59.750,150.000,138.000,433,14.115,32.000,29.440,479,1.455.410,4.672.000,4.006.390
Agrado,2012,0,0,0,0,18.500,60.000,51.000,363,89.705,175.000,162.750,551,0,0,0,0,0,0,0,0,6.800,15.000,13.800,493,0,0,0,0,635,1.500,1.380,460,115.640,251.500,228.930
Altamira,2012,0,0,0,0,702,1.500,1.300,540,900,1.800,1.500,600,0,0,0,0,0,0,0,0,0,0,0,0,0,0,0,0,0,0,0,0,1.602,3.300,2.800
Gigante,2012,0,0,0,0,29.050,85.000,83.000,350,150.000,350.000,300.000,500,375,800,750,500,0,0,0,0,132,400,385,343,5.400,20.000,18.000,300,40.725,96.900,93.070,438,225.682,553.100,495.205
Guadalupe,2012,0,0,0,0,12.000,35.000,24.000,500,10.950,20.000,18.250,600,0,0,0,0,0,0,0,0,7.200,18.000,12.000,600,288,400,360,800,2.240,3.000,2.800,800,32.678,76.400,57.410
Pital,2012,0,0,0,0,12.500,38.000,34.200,365,3.055,8.200,7.626,401,0,0,0,0,0,0,0,0,4.200,12.500,11.500,365,0,0,0,0,0,0,0,0,19.755,58.700,53.326
Suaza,2012,0,0,0,0,17.952,60.000,52.800,340,9.504,24.000,21.120,450,408,1.000,850,480,3.675,12.000,10.500,350,0,0,0,0,0,0,0,0,1.150,3.000,2.760,417,32.689,100.000,88.030
Tarqui,2012,0,0,0,0,4.750,10.000,9.500,500,1.188,2.500,2.375,500,0,0,0,0,0,0,0,0,0,0,0,0,0,0,0,0,905,2.500,2.300,393,6.843,15.000,14.175
Pitalito,2012,0,0,0,0,85.000,250.000,225.000,378,21.024,27.500,25.575,822,1.659,3.500,3.255,510,9.500,32.000,29.760,319,350,1.000,920,380,568,1.500,1.380,412,4.284,15.000,13.800,310,122.385,330.500,299.690
Acevedo,2012,0,0,0,0,2.064,5.000,4.800,430,1.605,2.500,2.325,690,319,650,605,528,0,0,0,0,0,0,0,0,20,50,46,435,910,3.000,2.760,330,4.918,11.200,10.536
Elias,2012,0,0,0,0,675,1.800,1.500,450,2.565,5.200,4.836,530,98,150,140,703,0,0,0,0,0,0,0,0,12,40,37,326,0,0,0,0,3.350,7.190,6.512
Isnos,2012,0,0,0,0,2.025,5.000,4.500,450,0,0,0,0,150,320,298,503,0,0,0,0,0,0,0,0,0,0,0,0,0,0,0,0,2.175,5.320,4.798
Oporapa,2012,0,0,0,0,3.600,10.000,8.800,409,265,550,512,518,315,650,605,521,1.500,2.800,2.604,576,0,0,0,0,0,0,0,0,0,0,0,0,5.680,14.000,12.520
Palestina,2012,0,0,0,0,1.960,5.000,4.680,419,0,0,0,0,250,510,474,527,5.200,14.000,13.000,400,0,0,0,0,0,0,0,0,0,0,0,0,7.410,19.510,18.154
Saladoblanco,2012,0,0,0,0,520,1.500,1.300,400,78,150,140,559,35,100,93,376,500,1.200,1.116,448,0,0,0,0,0,0,0,0,0,0,0,0,1.133,2.950,2.649
San Agustín,2012,0,0,0,0,3.150,8.000,7.000,450,397,700,651,610,100,210,195,512,4.350,11.500,9.100,478,0,0,0,0,0,0,0,0,120,280,258,466,8.117,20.690,17.204
Timaná,2012,0,0,0,0,18.934,46.750,42.075,450,3.126,5.200,4.836,646,42,95,88,475,550,1.000,930,591,90,250,230,391,2,5,5,435,971,3.500,3.220,302,23.715,56.800,51.384
Neiva,2013,0,0,0,0,305.000,850.000,815.000,374,472500,1.100.000,1.050.000,450,11.000,25.000,22.000,500,1.572,3.500,3.255,483,0,0,0,0,0,0,0,0,800,1.800,1.656,483,790.872,1.980.300,1.891.911
Aipe,2013,0,0,0,0,2.324.500,8.560.000,6.500.000,358,450.256,1.300.000,1.052.000,428,0,0,0,0,0,0,0,0,0,0,0,0,1.100,3.450,3.050,361,177.870,456.000,385.000,462,2.953.726,10.319.450,7.940.050
Algeciras,2013,0,0,0,0,15.750,55.000,45.000,350,1.075,2.500,2.150,500,1.130,2.500,2.100,538,2.530,7.500,7.000,361,0,0,0,0,0,0,0,0,5.720,16.250,14.300,400,26.205,83.750,70.550
Baraya,2013,0,0,0,0,261.048,850.000,715.200,365,17.842,24.500,22.000,811,65,100,65,1000,0,0,0,0,0,0,0,0,0,0,0,0,3.380,6.500,5.200,650,282.335,881.100,742.465
Campoalegre,2013,15.440.000,75.000.000,45.000.000,343,250.000,785000,702.000,356,5.325,7.500,7.100,750,78,150,120,650,0,0,0,0,0,0,0,0,0,0,0,0,650,1.250,1.000,650,15.696.053,75.793.900,45.710.220
Colombia,2013,0,0,0,0,9.800,34.000,28.000,350,4.525,10.500,9.050,500,0,0,0,0,0,0,0,0,0,0,0,0,0,0,0,0,0,0,0,0,14.325,44.500,37.050
Hobo,2013,3.188.000,15.600.000,9.360.000,341,3.500,12500,10.000,350,10.125,15.600,13.500,782,0,0,0,0,0,0,0,0,0,0,0,0,0,0,0,0,0,0,0,0,3.201.625,15.628.100,9.383.500
Iquira,2013,0,0,0,0,8.000,27.000,25.000,320,2.500,7.500,6.000,417,0,0,0,0,2.400,5.200,4.800,500,0,0,0,0,0,0,0,0,215,500,450,478,13.115,40.200,36.250
Palermo,2013,0,0,0,0,250.250,795.000,735.000,340,35.000,70.000,65.000,538,0,0,0,0,0,0,0,0,0,0,0,0,2.500,7.500,6.850,365,650,1.300,1.196,543,288.400,873.800,808.046
Rivera,2013,0,0,0,0,198.500,620.000,545.000,364,12.500,28.500,20.000,625,325,600,500,650,0,0,0,0,0,0,0,0,3.050,10.000,9.200,332,3.800,10.000,9.200,413,218.175,669.100,583.900
Santa Maria,2013,0,0,0,0,1.650,5.200,4.800,344,0,0,0,0,0,0,0,0,7.850,15.200,13.500,581,0,0,0,0,0,0,0,0,0,0,0,0,9.500,20.400,18.300
Tello,2013,0,0,0,0,6.500,22.500,19.574,332,2.856,6.250,3.050,936,0,0,0,0,0,0,0,0,0,0,0,0,1.500,4.650,4.000,375,600,1.300,1.254,478,11.456,34.700,27.878
Teruel,2013,0,0,0,0,1.000,3.000,2.500,400,1.000,2.200,2.000,500,0,0,0,0,3.820,8.150,7.450,513,0,0,0,0,0,0,0,0,1.250,1.800,2.500,500,7.070,15.150,14.450
Villavieja,2013,0,0,0,0,5.465,24.300,18.425,297,9.539,20.620,18.135,526,0,0,0,0,0,0,0,0,0,0,0,0,0,0,0,0,0,0,0,0,15.004,44.920,36.560
Yaguará ,2013,11.601.000,55.200.000,33.120.000,350,0,0,0,0,0,0,0,0,0,0,0,0,0,0,0,0,0,0,0,0,0,0,0,0,0,0,0,0,11.601.000,55.200.000,33.120.000
La PLata,2013,0,0,0,0,32.150,90.000,83.500,385,2.500,5.200,4.900,510,2.120,3.700,3.400,624,1.560,3.500,3.250,480,4.500,12.500,10.200,441,60,150,130,462,1.500,2.800,2.500,600,44.390,117.850,107.880
La Argentina,2013,0,0,0,0,20.000,62.000,50.000,400,4.334,10.000,9.300,466,1.400,3.000,2.800,500,6.200,15.000,12.500,496,1.115,4.000,3.300,338,0,0,0,0,700,1.500,1.380,507,33.749,95.500,79.280
Nátaga,2013,0,0,0,0,4.080,12.000,10.200,400,2.250,5.500,5.000,450,225,500,450,500,0,0,0,0,1.035,2.500,2.300,450,230,1.200,800,288,2.488,7.000,6.380,390,10.308,28.700,25.130
Paicol,2013,0,0,0,0,23.904,79.000,72.000,332,3.496,8.950,8.324,420,1.200,2.000,1.860,645,0,0,0,0,0,0,0,0,0,0,0,0,500,1.500,1.380,362,29.100,91.450,83.564
Tesalia,2013,0,0,0,0,7.500,20.000,18.500,405,1.200,1.850,1.500,800,0,0,0,0,0,0,0,0,0,0,0,0,0,0,0,0,850,1.100,1.000,850,9.550,22.950,21.000
Garzón,2013,0,0,0,0,1.313.500,4.600.000,3.700.000,355,117.500,270.000,250.000,476,0,0,0,0,8.710,30.000,26.000,335,0,0,0,0,58.725,140.000,135.000,433,12.500,30.000,28.000,446,1.510.935,5.070.000,4.139.000
Agrado,2013,0,0,0,0,8.250,25.000,22.300,370,14.500,25.000,18.000,806,0,0,0,0,0,0,0,0,0,0,0,0,2.400,3.200,3.000,433,0,0,0,0,25.150,53.200,43.300
Altamira,2013,0,0,0,0,1.058,2.800,2.350,450,4.000,4.500,4.000,1000,2.800,3.500,2.800,1000,0,0,0,0,1.360,2.000,1.700,800,0,0,0,0,0,0,0,0,9.218,12.800,10.850
Gigante,2013,0,0,0,0,32.200,98.500,92.000,350,115.000,300.000,270.000,426,300,700,600,500,0,0,0,0,132,400,385,343,5.400,20.000,18.000,300,30.000,75.000,70.000,429,183.032,494.600,450.985
Guadalupe,2013,0,0,0,0,12.500,36.000,25.000,500,12.810,20.000,18.300,700,0,0,0,0,0,0,0,0,7.200,18.000,12.000,600,304,500,380,800,2.240,3.000,2.800,800,35.054,77.500,58.480
Pital,2013,0,0,0,0,13.680,38.000,34.200,400,2.950,7.200,6.500,454,0,0,0,0,0,0,0,0,4.198,12.500,11.500,365,0,0,0,0,0,0,0,0,20.828,57.700,52.200
Suaza,2013,0,0,0,0,17.800,60.000,52.800,337,9.000,24.000,21.120,426,408,1.000,850,480,3.720,12.000,10.500,354,0,0,0,0,0,0,0,0,1.150,3.000,2.760,417,32.078,100.000,88.030
Tarqui,2013,0,0,0,0,4.760,12.500,10.200,467,3.600,4.500,4.000,900,0,0,0,0,0,0,0,0,0,0,0,0,2.400,3.500,3.000,800,900,2.500,2.300,391,11.660,23.000,19.500
Pitalito,2013,0,0,0,0,32.500,95.000,89.500,363,2.475,6.000,5.500,450,1.659,3.500,3.255,510,13.500,35.000,33.250,406,350,1.000,920,380,250,500,460,543,2.500,7.500,6.900,362,53.234,148.500,139.785
Acevedo,2013,0,0,0,0,2.500,5.500,5.200,481,0,0,0,0,0,0,0,0,0,0,0,0,0,0,0,0,0,0,0,0,0,0,0,0,2.500,5.500,5.200
Elias,2013,0,0,0,0,650,1.800,1.500,433,2.563,5.200,4.836,530,98,150,140,703,0,0,0,0,0,0,0,0,12,40,37,326,0,0,0,0,3.323,7.190,6.512
Isnos,2013,0,0,0,0,2.100,5.200,4.650,452,0,0,0,0,100,320,298,336,0,0,0,0,0,0,0,0,0,0,0,0,0,0,0,0,2.200,5.520,4.948
Oporapa,2013,0,0,0,0,3.600,10.000,8.800,409,280,550,512,547,315,650,605,521,1.500,2.800,2.604,576,0,0,0,0,0,0,0,0,0,0,0,0,5.695,14.000,12.520
Palestina,2013,0,0,0,0,1.800,4.500,4.000,450,0,0,0,0,245,510,474,517,5.350,14.200,13.250,404,0,0,0,0,0,0,0,0,0,0,0,0,7.395,19.210,17.724
Saladoblanco,2013,0,0,0,0,520,1.500,1.300,400,78,150,140,559,35,100,93,376,500,1.200,1.116,448,0,0,0,0,0,0,0,0,0,0,0,0,1.133,2.950,2.649
San Agustín,2013,0,0,0,0,3.200,8.200,7.500,427,425,700,620,685,100,210,195,512,4.500,13.250,10.850,415,0,0,0,0,0,0,0,0,120,280,258,466,8.345,22.640,19.423
Timaná,2013,0,0,0,0,21.200,56.000,52.000,408,3.126,5.200,4.836,646,0,0,0,0,750,1.750,1.560,481,0,0,0,0,0,0,0,0,1.250,3.850,3.542,353,26.326,66.800,61.938
Neiva,2014,0,0,0,0,450.000,1.500.000,1.325.000,340,472500,1.100.000,1.050.000,450,11.000,25.000,22.000,500,1.572,3.500,3.255,483,0,0,0,0,0,0,0,0,800,1.800,1.656,483,935.872,2.630.300,2.401.911
Aipe,2014,0,0,0,0,2.854.000,8.965.000,8.100.000,352,450.256,1.300.000,1.052.000,428,0,0,0,0,0,0,0,0,0,0,0,0,1.100,3.450,3.050,361,177.000,456.000,385.000,460,3.482.356,10.724.450,9.540.050
Algeciras,2014,0,0,0,0,16.000,56.000,45.600,351,1.075,2.500,2.150,500,1.130,2.500,2.100,538,2.530,7.500,7.000,361,0,0,0,0,0,0,0,0,5.720,16.250,14.300,400,26.455,84.750,71.150
Baraya,2014,0,0,0,0,275.000,865.000,774.000,355,17.842,24.500,22.000,811,65,100,65,1000,0,0,0,0,0,0,0,0,0,0,0,0,3.380,6.500,5.200,650,296.287,896.100,801.265
Campoalegre,2014,17.938.200,86.280.000,53.493.600,335,345.000,1150000,1.020.000,338,5.325,7.500,7.100,750,78,150,120,650,0,0,0,0,0,0,0,0,0,0,0,0,650,1.250,1.000,650,18.289.253,87.438.900,54.521.820
Colombia,2014,0,0,0,0,8.500,30.000,25.000,340,4.525,10.500,9.050,500,0,0,0,0,0,0,0,0,0,0,0,0,0,0,0,0,0,0,0,0,13.025,40.500,34.050
Hobo,2014,3.703.800,18.050.000,11.010.500,336,85.000,285000,250.000,340,10.125,15.600,13.500,782,0,0,0,0,0,0,0,0,0,0,0,0,0,0,0,0,0,0,0,0,3.798.925,18.350.600,11.274.000
Iquira,2014,0,0,0,0,8.000,27.000,25.000,320,2.500,7.500,6.000,417,0,0,0,0,2.400,5.200,4.800,500,0,0,0,0,0,0,0,0,215,500,450,478,13.115,40.200,36.250
Palermo,2014,0,0,0,0,429.000,1.420.000,1.250.000,343,35.000,70.000,65.000,538,0,0,0,0,0,0,0,0,0,0,0,0,2.500,7.500,6.850,365,650,1.300,1.196,543,467.150,1.498.800,1.323.046
Rivera,2014,0,0,0,0,356.000,1.132.000,995.000,358,12.500,28.500,20.000,625,325,600,500,650,0,0,0,0,0,0,0,0,3.050,10.000,9.200,332,3.800,10.000,9.200,413,375.675,1.181.100,1.033.900
Santa Maria,2014,0,0,0,0,1.650,5.500,4.850,340,0,0,0,0,0,0,0,0,7.850,15.200,13.500,581,0,0,0,0,0,0,0,0,0,0,0,0,9.500,20.700,18.350
Tello,2014,0,0,0,0,6.500,22.500,19.500,333,2.856,6.250,3.050,936,0,0,0,0,0,0,0,0,0,0,0,0,1.500,4.650,4.000,375,600,1.300,1.254,478,11.456,34.700,27.804
Teruel,2014,0,0,0,0,1.000,3.000,2.500,400,1.000,2.200,2.000,500,0,0,0,0,3.820,8.150,7.450,513,0,0,0,0,0,0,0,0,1.250,1.800,2.500,500,7.070,15.150,14.450
Villavieja,2014,0,0,0,0,3.600,15.000,12.000,300,9.539,20.620,18.135,526,0,0,0,0,0,0,0,0,0,0,0,0,0,0,0,0,0,0,0,0,13.139,35.620,30.135
Yaguará ,2014,13.478.022,64.102.000,39.102.220,345,0,0,0,0,0,0,0,0,0,0,0,0,0,0,0,0,0,0,0,0,0,0,0,0,0,0,0,0,13.478.022,64.102.000,39.102.220
La PLata,2014,0,0,0,0,35.000,102.000,97.620,359,2.500,5.200,4.900,510,2.120,3.700,3.400,624,1.560,3.500,3.250,480,5.000,18.000,15.000,333,60,150,130,462,1.500,2.800,2.500,600,47.740,135.350,126.800
La Argentina,2014,0,0,0,0,25.000,75.000,67.800,369,4.334,10.000,9.300,466,1.400,3.000,2.800,500,6.200,15.000,12.500,496,1.115,4.000,3.300,338,0,0,0,0,700,1.500,1.380,507,38.749,108.500,97.080
Nátaga,2014,0,0,0,0,4.200,14.000,12.000,350,2.250,5.500,5.000,450,225,500,450,500,0,0,0,0,800,2.500,2.300,348,230,1.200,800,288,2.488,7.000,6.380,390,10.193,30.700,26.930
Paicol,2014,0,0,0,0,15.600,52.000,45.000,347,3.496,8.950,8.324,420,1.200,2.000,1.860,645,0,0,0,0,0,0,0,0,0,0,0,0,500,1.500,1.380,362,20.796,64.450,56.564
Tesalia,2014,0,0,0,0,7.500,20.000,18.500,405,1.200,1.850,1.500,800,0,0,0,0,0,0,0,0,0,0,0,0,0,0,0,0,850,1.100,1.000,850,9.550,22.950,21.000
Garzón,2014,0,0,0,0,1.313.500,4.400.000,3.700.000,355,117.500,270.000,250.000,476,0,0,0,0,8.710,30.000,26.000,335,0,0,0,0,58.725,140.000,135.000,433,12.500,30.000,28.000,446,1.510.935,4.870.000,4.139.000
Agrado,2014,0,0,0,0,7.500,23.000,21.000,357,14.500,25.000,18.000,806,0,0,0,0,0,0,0,0,0,0,0,0,2.400,3.200,3.000,433,0,0,0,0,24.400,51.200,42.000
Altamira,2014,0,0,0,0,2.500,9.000,7.500,333,4.000,4.500,4.000,1000,2.800,3.500,2.800,1000,0,0,0,0,1.000,2.850,2.500,400,0,0,0,0,0,0,0,0,10.300,19.850,16.800
Gigante,2014,0,0,0,0,36.000,100.000,99.500,362,115.000,300.000,270.000,426,300,700,600,500,0,0,0,0,132,400,385,343,5.400,20.000,18.000,300,25.000,75.000,70.000,357,181.832,496.100,458.485
Guadalupe,2014,0,0,0,0,12.000,38.500,36.000,333,12.810,20.000,18.300,700,0,0,0,0,0,0,0,0,7.000,18.000,16.500,424,304,500,380,800,2.240,3.000,2.800,800,34.354,80.000,73.980
Pital,2014,0,0,0,0,13.500,40.000,37.400,361,2.950,7.200,6.500,454,0,0,0,0,0,0,0,0,4.198,12.500,11.500,365,0,0,0,0,0,0,0,0,20.648,59.700,55.400
Suaza,2014,0,0,0,0,15.800,52.000,45.000,351,9.000,24.000,21.120,426,408,1.000,850,480,3.720,12.000,10.500,354,0,0,0,0,0,0,0,0,1.150,3.000,2.760,417,30.078,92.000,80.230
Tarqui,2014,0,0,0,0,6.500,23.000,19.500,333,3.600,4.500,4.000,900,0,0,0,0,0,0,0,0,0,0,0,0,2.400,3.500,3.000,800,900,2.500,2.300,391,13.400,33.500,28.800
Pitalito,2014,0,0,0,0,33.200,98.000,94.000,353,2.475,6.000,5.500,450,1.659,3.500,3.255,510,13.500,35.000,33.250,406,350,1.000,920,380,250,500,460,543,2.500,7.500,6.900,362,53.934,151.500,144.285
Acevedo,2014,0,0,0,0,2.750,10.000,8.500,324,0,0,0,0,35,60,50,700,0,0,0,0,0,0,0,0,0,0,0,0,0,0,0,0,2.785,10.060,8.550
Elias,2014,0,0,0,0,850,2.850,2.500,340,2.563,5.200,4.836,530,98,150,140,703,50,150,125,400,0,0,0,0,12,40,37,326,0,0,0,0,3.573,8.390,7.637
Isnos,2014,0,0,0,0,2.200,7.000,6.500,338,0,0,0,0,100,320,298,336,0,0,0,0,0,0,0,0,0,0,0,0,0,0,0,0,2.300,7.320,6.798
Oporapa,2014,0,0,0,0,3.500,12.000,10.000,350,280,550,512,547,315,650,605,521,1.500,2.800,2.604,576,0,0,0,0,0,0,0,0,0,0,0,0,5.595,16.000,13.720
Palestina,2014,0,0,0,0,2.500,8.500,7.500,333,0,0,0,0,245,510,474,517,5.350,14.200,13.250,404,0,0,0,0,0,0,0,0,0,0,0,0,8.095,23.210,21.224
Saladoblanco,2014,0,0,0,0,600,2.000,1.850,324,78,150,140,559,35,100,93,376,500,1.200,1.116,448,0,0,0,0,0,0,0,0,0,0,0,0,1.213,3.450,3.199
San Agustín,2014,0,0,0,0,3.500,10.500,9.500,368,425,700,620,685,100,210,195,512,4.500,13.250,10.850,415,0,0,0,0,0,0,0,0,120,280,258,466,8.645,24.940,21.423
Timaná,2014,0,0,0,0,18.000,56.500,53.000,340,3.126,5.200,4.836,646,0,0,0,0,4.700,12.500,10.200,461,0,0,0,0,0,0,0,0,1.250,3.850,3.542,353,27.076,78.050,71.578
Neiva,2015,0,0,0,0,1.100.000,4.400.000,3.168.000,347,650.000,1.100.000,935.000,695,0,0,0,0,3.500,7.000,6.500,538,0,0,0,0,0,0,0,0,1.500,3.000,2.400,625,1.755.000,5.510.000,4.111.900
Aipe,2015,0,0,0,0,2.854.000,8.965.000,8.100.000,352,855.000,1.400.000,1.120.000,763,0,0,0,0,0,0,0,0,0,0,0,0,1.800,4.100,3.500,514,150.000,487.000,340.000,441,3.860.800,10.856.100,9.563.500
Algeciras,2015,0,0,0,0,56.000,185.000,148.000,378,25.200,32.000,25.600,984,2.500,2.500,2.100,1190,2.530,7.500,7.000,361,0,0,0,0,0,0,0,0,5.720,16.250,14.300,400,91.950,243.250,197.000
Baraya,2015,0,0,0,0,275.000,865.000,774.000,355,45.600,65.000,52.000,877,85,110,80,1063,0,0,0,0,0,0,0,0,0,0,0,0,3.380,6.500,5.200,650,324.065,936.610,831.280
Campoalegre,2015,12.937.032,38.446.019,21.632.374,598,650.000,2.400.000,1.728.000,376,115.000,165.000,140.250,820,3.500,3.800,3.040,1151,0,0,0,0,0,0,0,0,2.720,9.600,8.000,340,600,1.250,1.000,600,13.708.852,41.025.669,23.512.664
Colombia,2015,0,0,0,0,8.500,30.000,25.000,340,6.500,9.000,7.650,850,0,0,0,0,1.800,3.500,3.150,571,0,0,0,0,0,0,0,0,0,0,0,0,16.800,42.500,35.800
Hobo,2015,1.772.000,4.260.000,1.639.500,1.081,425.000,1.600.000,1.152.000,369,75.600,102.000,86.700,872,0,0,0,0,0,0,0,0,0,0,0,0,0,0,0,0,0,0,0,0,2.272.600,5.962.000,2.878.200
Iquira,2015,0,0,0,0,15.000,50.000,42.000,357,2.500,7.500,6.000,417,0,0,0,0,4.500,12.000,10.800,417,0,0,0,0,0,0,0,0,215,500,450,478,22.215,70.000,59.250
Palermo,2015,0,0,0,0,550.000,2.100.000,1.512.000,364,85.000,115.000,97.750,870,0,0,0,0,0,0,0,0,0,0,0,0,2.500,7.500,6.850,365,650,1.300,1.196,543,638.150,2.223.800,1.617.796
Rivera,2015,0,0,0,0,485.000,1.785.000,1.285.200,377,105.000,190.000,161.500,650,18.000,18.500,14.800,1216,0,0,0,0,0,0,0,0,2.871,9.500,8.700,330,4.500,9.000,7.200,625,615.371,2.012.000,1.477.400
Santa Maria,2015,0,0,0,0,1.650,5.500,4.850,340,0,0,0,0,0,0,0,0,8.500,20.000,18.000,472,0,0,0,0,0,0,0,0,0,0,0,0,10.150,25.500,22.850
Tello,2015,0,0,0,0,6.500,22.500,19.500,333,2.856,6.250,3.050,936,0,0,0,0,0,0,0,0,0,0,0,0,1.500,4.650,4.000,375,600,1.300,1.254,478,11.456,34.700,27.804
Teruel,2015,0,0,0,0,3.000,10.000,9.000,333,1.500,2.200,2.000,750,0,0,0,0,4.000,8.150,7.450,537,0,0,0,0,0,0,0,0,1.250,1.800,2.500,500,9.750,22.150,20.950
Villavieja,2015,0,0,0,0,3.600,15.000,12.000,300,1.850,3.500,2.450,755,0,0,0,0,0,0,0,0,0,0,0,0,0,0,0,0,0,0,0,0,5.450,18.500,14.450
Yaguará ,2015,11.136.742,33.501.976,19.196.844,580,0,0,0,0,0,0,0,0,0,0,0,0,0,0,0,0,0,0,0,0,0,0,0,0,0,0,0,0,11.136.742,33.501.976,19.196.844
La PLata,2015,0,0,0,0,45.000,135.000,121.500,370,23.000,32.000,26.240,877,2.500,3.600,3.100,806,7.500,20.000,15.000,500,5.000,18.000,15.000,333,60,150,130,462,1.500,2.800,2.500,600,84.560,211.550,183.470
La Argentina,2015,0,0,0,0,25.000,75.000,67.800,369,4.334,10.000,9.300,466,1.400,3.000,2.800,500,6.500,15.000,12.500,520,1.115,4.000,3.300,338,0,0,0,0,700,1.500,1.380,507,39.049,108.500,97.080
Nátaga,2015,0,0,0,0,4.200,14.000,12.000,350,2.250,5.500,5.000,450,225,500,450,500,0,0,0,0,800,2.500,2.300,348,230,1.200,800,288,2.488,7.000,6.380,390,10.193,30.700,26.930
Paicol,2015,0,0,0,0,15.600,52.000,45.000,347,12.500,20.000,18.600,672,1.200,2.000,1.860,645,0,0,0,0,0,0,0,0,0,0,0,0,500,1.500,1.380,362,29.800,75.500,66.840
Tesalia,2015,0,0,0,0,26.000,95.000,68.400,380,8.500,12.000,11.160,762,0,0,0,0,0,0,0,0,0,0,0,0,0,0,0,0,850,1.100,1.000,850,35.350,108.100,80.560
Garzón,2015,0,0,0,0,2.130.000,6.500.000,5.525.000,386,285.000,450.000,382.500,745,0,0,0,0,12.800,30.000,26.000,492,0,0,0,0,58.725,140.000,135.000,435,12.500,30.000,28.000,446,2.499.025,7.150.000,6.096.500
Agrado,2015,0,0,0,0,5.400,18.000,15.000,360,14.500,25.000,18.000,806,0,0,0,0,0,0,0,0,0,0,0,0,500,1.000,760,658,0,0,0,0,20.400,44.000,33.760
Altamira,2015,0,0,0,0,2.500,9.000,7.500,333,4.000,4.500,4.000,1000,2.800,3.500,2.800,1000,0,0,0,0,1.000,2.850,2.500,400,0,0,0,0,0,0,0,0,10.300,19.850,16.800
Gigante,2015,0,0,0,0,265.000,860.000,688.000,385,145.000,310.000,287.000,505,500,1.300,1.000,500,0,0,0,0,0,0,0,0,6.000,18.700,15.000,400,26.000,78.000,72.000,361,442.500,1.268.000,1.063.000
Guadalupe,2015,0,0,0,0,45.000,156.000,124.800,361,18.000,26.000,23.000,783,0,0,0,0,0,0,0,0,7.400,18.000,16.500,448,450,1.000,700,643,2.300,3.000,2.800,821,73.150,204.000,167.800
Pital,2015,0,0,0,0,13.500,40.000,37.400,361,2.950,7.200,6.500,454,0,0,0,0,3.500,7.500,7.000,500,4.000,12.500,11.500,348,0,0,0,0,0,0,0,0,23.950,67.200,62.400
Suaza,2015,0,0,0,0,15.800,52.000,45.000,351,9.000,24.000,21.120,426,408,1.000,850,480,6.800,14.000,12.000,567,0,0,0,0,0,0,0,0,1.150,3.000,2.760,417,33.158,94.000,81.730
Tarqui,2015,0,0,0,0,12.500,45.000,36.000,347,4.500,8.500,7.225,623,0,0,0,0,0,0,0,0,0,0,0,0,2.400,3.500,3.000,800,900,2.500,2.300,391,20.300,59.500,48.525
Pitalito,2015,0,0,0,0,132.000,450.000,360.000,367,45.000,65.000,55.250,814,3.600,3.800,3.400,1059,48.500,102.000,89.760,540,0,0,0,0,250,500,460,543,2.500,7.500,6.900,362,231.850,628.800,515.770
Acevedo,2015,0,0,0,0,3.500,12.000,9.800,357,0,0,0,0,45,60,50,900,0,0,0,0,0,0,0,0,0,0,0,0,0,0,0,0,3.545,12.060,9.850
Elias,2015,0,0,0,0,1.200,3.200,2.900,414,2.563,5.200,4.836,530,100,150,140,703,350,850,723,484,0,0,0,0,12,40,37,326,0,0,0,0,4.225,9.440,8.635
Isnos,2015,0,0,0,0,2.150,7.000,6.500,331,0,0,0,0,300,320,298,1007,0,0,0,0,0,0,0,0,0,0,0,0,0,0,0,0,2.450,7.320,6.798
Oporapa,2015,0,0,0,0,3.500,12.000,10.000,350,280,550,512,547,315,650,605,521,2.000,4.000,3.720,538,0,0,0,0,0,0,0,0,0,0,0,0,6.095,17.200,14.836
Palestina,2015,0,0,0,0,2.500,8.500,7.500,333,0,0,0,0,245,510,474,517,6.500,14.200,13.200,492,0,0,0,0,0,0,0,0,0,0,0,0,9.245,23.210,21.174
Saladoblanco,2015,0,0,0,0,600,2.000,1.850,324,78,150,140,559,60,100,93,645,1.500,3.000,2.790,538,0,0,0,0,0,0,0,0,0,0,0,0,2.238,5.250,4.873
San Agustín,2015,0,0,0,0,3.800,10.500,9.500,400,425,700,620,685,150,210,195,768,4.870,13.250,10.850,449,0,0,0,0,0,0,0,0,120,280,258,466,9.365,24.940,21.423
Timaná,2015,0,0,0,0,50.000,175.000,140.000,357,4.350,7.500,6.700,649,0,0,0,0,4.700,12.500,10.200,461,0,0,0,0,0,0,0,0,1.250,3.850,3.542,353,60.300,198.850,160.442
Neiva,2016,0,0,0,0,2.160.000,6.000.000,4.800.000,450,335.350,800.000,745.000,450,11.000,25.000,22.000,500,4.690,8.700,6.700,700,0,0,0,0,6.500,16.000,13.000,500,1.300,4.000,2.600,500,2.518.840,6.853.700,5.589.300
Aipe,2016,0,0,0,0,3.256.000,11.450.000,9.250.000,352,915.600,1.980.000,1.200.000,763,0,0,0,0,0,0,0,0,0,0,0,0,1.750,4.000,3.500,500,94.340,220.000,178.000,530,4.267.690,13.654.000,10.631.500
Algeciras,2016,0,0,0,0,74.775,248.000,199.400,375,11.600,12.500,11.600,1000,1.800,2.000,1.800,1000,8.000,20.000,16.000,500,0,0,0,0,1.350,3.000,2.700,500,2.250,5.000,4.500,500,99.775,290.500,236.000
Baraya,2016,0,0,0,0,278.320,850.000,784.000,355,40.800,70.000,51.000,800,0,0,0,0,0,0,0,0,0,0,0,0,0,0,0,0,2.700,5.600,4.500,600,321.820,925.600,839.500
Campoalegre,2016,11.650.000,35.400.000,19.854.000,587,650.000,2.400.000,1.728.000,376,115.000,165.000,140.250,820,3.500,3.800,3.040,1151,0,0,0,0,0,0,0,0,2.720,9.600,8.000,340,600,1.250,1.000,600,12.421.820,37.979.650,21.734.290
Colombia,2016,0,0,0,0,1.880,6.500,4.500,418,450,1.500,1.000,450,0,0,0,0,2.000,3.700,3.330,601,0,0,0,0,0,0,0,0,0,0,0,0,4.330,11.700,8.830
Hobo,2016,1.856.000,4.560.000,1.984.500,935,462.500,2.000.000,1.250.000,370,71.400,100.000,84.000,850,0,0,0,0,0,0,0,0,0,0,0,0,0,0,0,0,0,0,0,0,2.389.900,6.660.000,3.318.500
Iquira,2016,0,0,0,0,14.060,45.000,38.000,370,5.800,7.200,5.800,1000,0,0,0,0,5.440,8.600,6.800,800,0,0,0,0,0,0,0,0,0,0,0,0,25.300,60.800,50.600
Palermo,2016,0,0,0,0,814.000,2.900.000,2.200.000,370,64.000,100.000,85.000,753,0,0,0,0,0,0,0,0,0,0,0,0,0,0,0,0,0,0,0,0,878.000,3.000.000,2.285.000
Rivera,2016,0,0,0,0,657.000,1.860.000,1.420.000,463,105.000,190.000,161.500,650,18.000,18.500,14.800,1216,0,0,0,0,0,0,0,0,2.871,9.500,8.700,330,4.500,9.000,7.200,625,787.371,2.087.000,1.612.200
Santa Maria,2016,0,0,0,0,4.480,15.000,11.200,400,0,0,0,0,0,0,0,0,10.100,25.000,21.400,472,0,0,0,0,0,0,0,0,0,0,0,0,14.580,40.000,32.600
Tello,2016,0,0,0,0,8.140,28.000,22.000,370,5.400,7.000,5.400,1000,0,0,0,0,0,0,0,0,0,0,0,0,0,0,0,0,1.150,2.000,1.150,1000,14.690,37.000,28.550
Teruel,2016,0,0,0,0,3.500,14.000,9.600,365,0,0,0,0,0,0,0,0,10.780,16.500,15.400,700,0,0,0,0,0,0,0,0,1.250,3.500,2.500,500,15.530,34.000,27.500
Villavieja,2016,0,0,0,0,4.200,19.000,12.000,350,1.850,3.500,2.450,755,0,0,0,0,0,0,0,0,0,0,0,0,0,0,0,0,0,0,0,0,6.050,22.500,14.450
Yaguará ,2016,9.484.000,34.500.000,17.549.000,540,163.200,640.000,540.000,302,0,0,0,0,0,0,0,0,0,0,0,0,0,0,0,0,0,0,0,0,0,0,0,0,9.647.200,35.140.000,18.089.000
La PLata,2016,0,0,0,0,85.400,300.000,243.000,351,23.000,35.000,28.700,801,2.500,3.600,3.100,806,7.540,22.000,16.500,457,5.610,20.000,17.000,330,100,230,200,500,1.480,3.000,2.670,554,125.630,383.830,311.170
La Argentina,2016,0,0,0,0,25.086,75.000,67.800,370,4.334,10.000,9.300,466,1.400,3.000,2.800,500,6.500,15.000,12.500,520,1.115,4.000,3.300,338,0,0,0,0,700,1.500,1.380,507,39.135,108.500,97.080
Nátaga,2016,0,0,0,0,4.500,14.000,11.200,402,2.050,6.000,4.700,436,200,500,350,571,0,0,0,0,800,2.500,2.300,348,230,1.200,500,460,300,1.200,500,600,8.080,25.400,19.550
Paicol,2016,0,0,0,0,14.620,60.000,43.000,340,6.300,15.000,14.000,450,1.950,5.600,3.900,500,0,0,0,0,0,0,0,0,1.960,7.800,5.600,350,0,0,0,0,24.830,88.400,66.500
Tesalia,2016,0,0,0,0,9.700,100.800,30.240,321,600,5.000,1.500,400,0,0,0,0,0,0,0,0,0,0,0,0,0,0,0,0,0,0,0,0,10.300,105.800,31.740
Garzón,2016,0,0,0,0,2.250.000,6.750.000,5.625.000,400,380.000,480.000,380.000,1000,0,0,0,0,15.200,30.000,26.000,585,0,0,0,0,62.000,150.000,125.000,496,16.000,25.000,20.000,800,2.723.200,7.435.000,6.176.000
Agrado,2016,0,0,0,0,3.987,12.000,9.500,420,3.600,4.500,4.000,900,0,0,0,0,0,0,0,0,0,0,0,0,2.400,3.500,3.000,800,0,0,0,0,9.987,20.000,16.500
Altamira,2016,0,0,0,0,5.760,48.000,19.200,300,4.000,4.500,4.000,1000,0,0,0,0,0,0,0,0,0,0,0,0,0,0,0,0,0,0,0,0,9.760,52.500,23.200
Gigante,2016,0,0,0,0,1.080.000,3.200.000,2.700.000,400,143.500,310.000,287.000,500,0,0,0,0,0,0,0,0,160.000,500.000,400.000,400,36.900,100.000,82.000,450,28.800,78.000,72.000,400,1.449.200,4.188.000,3.541.000
Guadalupe,2016,0,0,0,0,187.400,650.000,487.000,385,101.000,250.000,200.000,505,450,1.200,900,500,3.060,7.500,6.800,450,7.840,19.000,17.500,448,514,1.100,800,643,2.700,3.500,3.300,818,302.964,932.300,716.300
Pital,2016,0,0,0,0,18.000,45.000,36.000,500,3.100,7.500,6.200,500,0,0,0,0,3.000,7.500,6.000,500,4.400,12.500,11.000,400,0,0,0,0,0,0,0,0,28.500,72.500,59.200
Suaza,2016,0,0,0,0,18.720,55.000,45.000,416,0,0,0,0,543,1.250,970,560,6.456,15.000,13.450,480,0,0,0,0,0,0,0,0,2.780,4.250,3.250,855,28.499,75.500,62.670
Tarqui,2016,0,0,0,0,20.520,60.000,54.000,380,2.245,7.000,5.200,432,0,0,0,0,0,0,0,0,0,0,0,0,1.800,3.500,3.000,600,945,2.500,2.100,450,25.510,73.000,64.300
Pitalito,2016,0,0,0,0,140.400,455.000,390.000,360,49.300,67.000,58.000,850,4.237,4.100,3.852,1100,53.760,130.000,112.000,480,0,0,0,0,148,300,280,529,2.415,6.800,6.300,383,250.260,663.200,570.432
Acevedo,2016,0,0,0,0,3.500,12.000,9.800,357,0,0,0,0,45,60,50,900,0,0,0,0,0,0,0,0,0,0,0,0,0,0,0,0,3.545,12.060,9.850
Elias,2016,0,0,0,0,1.200,3.200,2.900,414,2.563,5.200,4.836,530,100,150,140,703,350,850,723,484,0,0,0,0,250,1.000,540,463,0,0,0,0,4.463,10.400,9.138
Isnos,2016,0,0,0,0,2.385,8.500,5.300,450,300,700,380,530,840,1.700,1.680,500,473,1.100,1.050,450,578,1.500,1.285,450,0,0,0,0,0,0,0,0,4.576,13.500,9.695
Oporapa,2016,0,0,0,0,3.500,12.000,10.000,350,280,550,512,547,315,650,605,521,2.000,4.000,3.720,538,0,0,0,0,0,0,0,,0,0,0,0,6.095,17.200,14.836
Palestina,2016,0,0,0,0,2.500,8.500,7.500,333,0,0,0,0,245,510,474,517,6.500,14.200,13.200,492,0,0,0,0,0,0,0,0,0,0,0,0,9.245,23.210,21.174
Saladoblanco,2016,0,0,0,0,600,2.000,1.850,324,0,0,0,500,0,0,0,0,22.500,50.000,45.000,500,0,0,0,0,0,0,0,0,0,0,0,0,23.100,52.000,46.850
San Agustín,2016,0,0,0,0,3.800,10.500,9.500,400,0,0,0,250,0,0,0,0,6.510,13.250,10.850,600,0,0,0,0,0,0,0,0,0,0,0,0,10.310,23.750,20.350
Timaná,2016,0,0,0,0,31.500,85.000,70.000,450,3.825,10.000,8.500,450,540,1.000,900,600,1.500,3.500,2.500,600,0,0,0,0,81,200,160,506,540,1.500,1.200,450,37.986,101.200,83.260
Neiva,2017,0,0,0,0,3.200.000,10.100.000,6.400.000,500,0,0,0,7737,360.000,600.000,480.000,750,7.500,20.000,15.000,500,3.200,8.000,6.400,500,16.875,50.000,37.500,450,0,0,0,0,3.587.575,10.778.000,6.938.900
Aipe,2017,0,0,0,0,4.150.000,12.500.000,9.771.000,425,0,0,0,4000,900.000,1.000.000,900.000,1000,18.000,20.000,18.000,1000,0,0,0,0,7.020,15.000,13.500,520,450.000,500.000,450.000,1000,5.525.020,14.035.000,11.152.500
Algeciras,2017,0,0,0,0,105.942,338.000,281.400,376,0,0,0,300,9.800,11.000,9.800,1000,1.800,2.000,1.800,1000,21.900,55.000,43.800,500,1.440,2.700,2.400,600,2.250,5.000,4.500,500,143.132,413.700,343.700
Baraya,2017,0,0,0,0,285.120,855.000,792.000,360,0,0,0,300,40.800,70.000,51.000,800,0,0,0,0,0,0,0,0,0,0,0,0,2.700,5.600,4.500,600,328.620,930.600,847.500
Campoalegre,2017,11.229.000,35.000.000,19.700.000,570,799.500,2.750.000,1.950.000,410,0,0,0,3310,98.600,170.000,145.000,680,3.100,3.500,3.100,1000,0,0,0,0,4.635,12.500,10.300,450,600,1.500,1.200,500,12.135.435,37.937.500,21.809.600
Colombia,2017,0,0,0,0,6.480,20.000,18.000,360,0,0,0,200,640,2.000,1.600,400,0,0,0,0,0,0,0,0,0,0,0,0,0,0,0,0,7.120,22.000,19.600
Hobo,2017,1.950.000,4.500.000,1.950.000,1.000,586.000,2.300.000,1.250.000,469,0,0,0,0,69.300,100.000,84.000,825,0,0,0,0,0,0,0,0,0,0,0,0,0,0,0,0,2.605.300,6.900.000,3.284.000
Iquira,2017,0,0,0,0,125.000,380.000,265.000,472,0,0,0,980,5.800,7.200,5.800,1000,0,0,0,0,5.440,8.600,6.800,800,0,0,0,0,0,0,0,0,136.240,395.800,277.600
Palermo,2017,0,0,0,0,987.000,3.654.000,2.209.800,447,15.000,15.600,12.500,1200,64.000,100.000,80.000,800,0,0,0,0,0,0,0,0,0,0,0,0,0,0,0,0,1.066.000,3.769.600,2.302.300
Rivera,2017,0,0,0,0,693.000,2.300.000,1.540.000,450,0,0,0,400,170.000,200.000,170.000,1000,16.800,18.000,14.000,1200,0,0,0,0,4.350,10.500,8.700,500,3.750,10.000,7.500,500,887.900,2.538.500,1.740.200
Santa Maria,2017,0,0,0,0,6.600,20.000,16.500,400,0,0,0,500,0,0,0,0,0,0,0,0,12.036,30.000,25.500,472,0,0,0,0,0,0,0,0,18.636,50.000,42.000
Tello,2017,0,0,0,0,8.140,28.000,22.000,370,0,0,0,3000,5.400,7.000,5.400,1000,0,0,0,0,0,0,0,0,0,0,0,0,1.150,1.400,1.150,1000,14.690,36.400,28.550
Teruel,2017,0,0,0,0,7.770,24.000,21.000,370,0,0,0,300,0,0,0,0,0,0,0,0,10.010,15.400,14.300,700,0,0,0,0,1.390,3.700,2.780,500,19.170,43.100,38.080
Villavieja,2017,0,0,0,0,2.355.200,6.400.000,5.888.000,400,268.905,390.000,384.150,700,35.280,80.000,78.400,450,0,0,0,0,0,0,0,0,35.820,120.000,119.400,300,286.560,240.000,238.800,1200,2.981.765,7.230.000,6.708.750
Yaguará ,2017,9.390.350,34.500.000,17.230.000,545,324.000,1.800.000,1.080.000,300,0,0,0,0,0,0,0,0,0,0,0,0,0,0,0,0,0,0,0,0,0,0,0,0,9.714.350,36.300.000,18.310.000
La PLata,2017,0,0,0,0,93.015,340.000,265.000,351,5.610,20.000,17.000,330,22.989,35.000,28.700,801,2.499,3.600,3.100,806,8.546,25.600,18.700,457,100,230,200,500,1.479,3.000,2.670,554,134.237,427.430,335.370
La Argentina,2017,0,0,0,0,29.200,80.000,73.000,400,0,0,0,100,5.330,10.000,8.200,650,0,0,0,0,11.250,25.000,22.500,500,0,0,0,0,0,0,0,0,45.780,115.000,103.700
Nátaga,2017,0,0,0,0,5.000,16.000,12.500,400,0,0,0,200,2.310,5.000,3.850,600,0,0,0,0,650,1.500,1.300,500,0,0,0,0,0,0,0,0,7.960,22.500,17.650
Paicol,2017,0,0,0,0,8.994,35.000,32.800,274,0,0,0,604,6.300,16.000,14.000,450,1.050,3.200,2.100,500,0,0,0,0,1.428,7.500,4.200,340,0,0,0,0,17.772,61.700,53.100
Tesalia,2017,0,0,0,0,36.080,110.000,88.000,410,0,0,0,100,2.000,5.000,4.000,500,0,0,0,0,0,0,0,0,0,0,0,0,0,0,0,0,38.080,115.000,92.000
Garzón,2017,0,0,0,0,2.484.000,6.900.000,6.210.000,400,140.800,440.000,352.000,400,504.000,560.000,504.000,1000,468.000,520.000,468.000,1000,61.600,185.000,154.000,400,270.000,600.000,540.000,500,400.000,560.000,500.000,800,4.328.400,9.765.000,8.728.000
Agrado,2017,0,0,0,0,4.950,14.000,11.000,450,0,0,0,203,3.600,4.700,4.000,900,0,0,0,0,0,0,0,0,2.560,4.000,3.200,800,0,0,0,0,11.110,22.700,18.200
Altamira,2017,0,0,0,0,33.500,123.000,67.000,500,28.700,93.500,57.400,500,0,0,0,0,0,0,0,0,0,0,0,0,0,0,0,0,0,0,0,0,62.200,216.500,124.400
Gigante,2017,0,0,0,0,1.216.000,4.000.000,3.040.000,400,218.880,720.000,547.200,400,0,0,0,0,0,0,0,0,0,0,0,0,87.400,230.000,174.800,500,51.680,85.000,64.600,800,1.573.960,5.035.000,3.826.600
Guadalupe,2017,0,0,0,0,111.265,345.000,289.000,385,4.928,12.000,11.000,448,101.000,250.000,200.000,505,432,1.200,900,480,3.060,7.500,6.800,450,304,1.000,800,380,2.046,3.500,3.300,620,223.035,620.200,511.800
Pital,2017,0,0,0,0,22.360,52.000,44.720,500,4.600,12.500,11.500,400,7.300,8.000,7.300,1000,0,0,0,0,3.100,7.200,6.200,500,0,0,0,0,0,0,0,0,37.360,79.700,69.720
Suaza,2017,0,0,0,0,19.200,55.000,48.000,400,0,0,0,400,0,0,0,0,970,1.000,970,1000,6.738,13.580,13.750,490,0,0,0,0,2.952,4.270,3.690,800,29.860,73.850,66.410
Tarqui,2017,0,0,0,0,22.400,60.000,56.000,400,0,0,0,400,4.104,5.900,5.130,800,0,0,0,0,0,0,0,0,1.450,3.000,2.900,500,1.103,2.800,2.450,450,29.057,71.700,66.480
Pitalito,2017,0,0,0,0,143.280,455.000,398.000,360,0,0,0,300,49.300,67.000,58.000,850,4.237,4.100,3.852,1100,57.715,125.000,119.000,485,148,300,280,530,2.415,6.800,6.355,380,257.096,658.200,585.487
Acevedo,2017,0,0,0,0,57.750,120.000,105.000,550,0,0,0,8010,36.000,140.000,80.000,450,1.200,5.000,3.000,400,0,0,0,0,5.000,20.000,10.000,500,0,0,0,0,99.950,285.000,198.000
Elias,2017,0,0,0,0,1.634,4.500,3.800,430,0,0,0,15350,2.491,5.000,4.700,530,98,150,140,703,600,1.500,1.200,500,162,500,350,463,0,0,0,0,4.985,11.650,10.190
Isnos,2017,0,0,0,0,3.675,4.500,7.350,500,890,4.000,1.780,500,528,900,880,600,1.183,5.300,2.150,550,1.095,5.200,1.990,550,0,0,0,0,0,0,0,0,7.370,19.900,14.150
Oporapa,2017,0,0,0,0,385,12.000,11.000,35,0,0,0,120,280,550,512,547,313,670,600,521,2.287,4.800,4.250,538,0,0,0,0,0,0,0,0,3.264,18.020,16.362
Palestina,2017,0,0,0,0,0,0,0,0,0,0,0,500,0,0,0,0,0,0,0,0,131.250,250.000,175.000,750,0,0,0,0,0,0,0,0,131.250,250.000,175.000
Saladoblanco,2017,0,0,0,0,50.000,240.000,200.000,250,0,0,0,200,13.050,50.000,45.000,290,225,500,450,500,1.800,5.000,4.500,400,0,0,0,0,1.120,3.000,2.800,400,66.195,298.500,252.750
San Agustín,2017,0,0,0,0,0,0,0,0,0,0,0,,0,0,0,0,0,0,0,0,2.350,5.000,4.700,500,0,0,0,0,0,0,0,0,2.350,5.000,4.700
Timaná,2017,0,0,0,0,23.175,56.000,51.500,450,2.115,3.000,4.700,450,2.115,5.000,4.700,450,540,1.000,900,600,0,0,0,0,81,200,180,450,203,500,450,450,28.229,65.700,62.430
Neiva,2018,0,0,0,0,4.000.000,10.000.000,8.000.000,500,840.000,1.150.000,1.000.000,840,375.000,550.000,500.000,750,4.000,10.000,8.000,500,4.050,10.000,9.000,450,20.250,60.000,45.000,450,0,0,0,0,5.243.300,11.780.000,9.562.000
Aipe,2018,0,0,0,0,4.950.000,11.500.000,11.000.000,450,480.000,500.000,480.000,1000,750.000,800.000,750.000,1000,17.500,18.000,17.500,1000,0,0,0,0,25.500,40.000,30.000,850,550.000,600.000,550.000,1000,6.773.000,13.458.000,12.827.500
Algeciras,2018,0,0,0,0,240.000,750.000,580.000,414,0,0,0,400,2.000,2.300,2.000,1000,0,0,0,0,24.000,35.000,32.000,750,5.250,5.000,7.000,750,3.350,10.000,6.700,500,274.600,802.300,627.700
Baraya,2018,0,0,0,0,318.000,858.000,795.000,400,0,0,0,400,42.400,72.000,53.000,800,0,0,0,0,0,0,0,0,0,0,0,0,2.990,5.700,4.600,650,363.390,935.700,852.600
Campoalegre,2018,11.330.000,35.000.000,19.700.000,575,840.500,3.200.000,2.050.000,410,0,0,0,8810,101.500,170.000,145.000,700,3.100,3.500,3.100,1000,0,0,0,0,4.635,12.500,10.300,450,600,1.500,1.200,500,12.280.335,38.387.500,21.909.600
Colombia,2018,0,0,0,0,5.600,20.000,16.000,350,0,0,0,200,810,2.300,1.800,450,0,0,0,0,0,0,0,0,0,0,0,0,0,0,0,0,6.410,22.300,17.800
Hobo,2018,1.945.000,4.500.000,1.945.000,1.000,720.000,2.850.000,1.740.000,414,0,0,0,850,99.000,135.000,120.000,825,0,0,0,0,0,0,0,0,0,0,0,0,0,0,0,0,2.764.000,7.485.000,3.805.000
Iquira,2018,0,0,0,0,130.272,380.000,276.000,472,0,0,0,920,5.900,7.200,5.900,1000,0,0,0,0,7.140,12.000,10.200,700,0,0,0,0,0,0,0,0,143.312,399.200,292.100
Palermo,2018,0,0,0,0,1.240.000,4.760.000,3.100.000,400,0,0,0,100,120.000,250.000,200.000,600,0,0,0,0,0,0,0,0,0,0,0,0,0,0,0,0,1.360.000,5.010.000,3.300.000
Rivera,2018,0,0,0,0,742.500,2.300.000,1.650.000,450,0,0,0,0,200.000,300.000,200.000,1000,0,0,0,0,0,0,0,0,0,0,0,0,0,0,0,0,942.500,2.600.000,1.850.000
Santa Maria,2018,0,0,0,0,0,0,0,0,0,0,0,600,0,0,0,0,3.000,6.500,5.000,600,27.000,60.000,45.000,600,0,0,0,0,0,0,0,0,30.000,66.500,50.000
Tello,2018,0,0,0,0,10.500,30.000,28.000,375,0,0,0,3000,5.500,8.000,5.500,1000,0,0,0,0,0,0,0,0,0,0,0,0,1.200,1.500,1.200,1000,17.200,39.500,34.700
Teruel,2018,0,0,0,0,8.296,16.000,24.400,340,0,0,0,400,560,1.000,800,700,0,0,0,0,13.800,25.600,23.000,600,0,0,0,0,0,0,0,0,22.656,42.600,48.200
Villavieja,2018,0,0,0,0,2.765.000,7.450.000,6.350.000,435,270.200,380.000,386.000,700,33.908,79.000,75.350,450,0,0,0,0,0,0,0,0,34.500,118.000,115.000,300,119.500,245.000,239.000,500,3.223.108,8.272.000,7.165.350
Yaguará ,2018,9.395.800,36.600.000,17.240.000,545,378.000,1.800.000,1.260.000,300,0,0,0,0,0,0,0,0,0,0,0,0,0,0,0,0,0,0,0,0,0,0,0,0,9.773.800,38.400.000,18.500.000
La PLata,2018,0,0,0,0,125.000,450.000,325.000,385,0,0,0,100,36.000,55.000,48.000,750,34.000,7.000,5.000,6800,0,0,0,0,0,0,0,0,0,0,0,0,195.000,512.000,378.000
La Argentina,2018,0,0,0,0,30.000,85.000,75.000,400,0,0,0,200,5.330,10.000,8.200,650,0,0,0,0,12.800,30.000,25.600,500,0,0,0,0,0,0,0,0,48.130,125.000,108.800
Nátaga,2018,0,0,0,0,5.200,16.000,13.000,400,0,0,0,200,2.310,5.000,3.850,600,0,0,0,0,650,1.500,1.300,500,0,0,0,0,0,0,0,0,8.160,22.500,18.150
Paicol,2018,0,0,0,0,24.300,60.000,54.000,450,0,0,0,400,6.000,10.000,8.000,750,0,0,0,0,0,0,0,0,0,0,0,0,1.125,2.000,1.500,750,31.425,72.000,63.500
Tesalia,2018,0,0,0,0,40.000,100.000,80.000,500,0,0,0,0,2.400,5.000,4.800,500,0,0,0,0,0,0,0,0,0,0,0,0,0,0,0,0,42.400,105.000,84.800
Garzón,2018,0,0,0,0,2.748.000,6.950.000,6.870.000,400,156.000,500.000,390.000,400,550.000,570.000,550.000,1000,480.000,535.000,480.000,1000,284.000,780.000,710.000,400,275.000,676.000,550.000,500,464.000,650.000,580.000,800,4.957.000,10.661.000,10.130.000
Agrado,2018,0,0,0,0,5.375,18.000,12.500,430,0,0,0,200,2.500,3.500,2.500,1000,0,0,0,0,0,0,0,0,0,0,0,0,0,0,0,0,7.875,21.500,15.000
Altamira,2018,0,0,0,0,55.000,170.000,110.000,500,55.000,175.000,110.000,500,0,0,0,0,0,0,0,0,0,0,0,0,0,0,0,0,0,0,0,0,110.000,345.000,220.000
Gigante,2018,0,0,0,0,1.264.640,4.160.000,3.161.600,400,218.880,720.000,547.200,400,0,0,0,0,0,0,0,0,0,0,0,0,87.400,230.000,174.800,500,0,0,0,0,1.570.920,5.110.000,3.883.600
Guadalupe,2018,0,0,0,0,90.475,250.000,235.000,385,0,0,0,14800,101.000,250.000,200.000,505,480,1.400,1.000,480,5.500,12.000,11.000,500,304,1.000,800,380,0,0,0,0,197.759,514.400,447.800
Pital,2018,0,0,0,0,25.000,62.000,50.000,500,5.000,13.000,12.500,400,7.350,8.100,7.350,1000,0,0,0,0,3.575,8.000,6.500,550,0,0,0,0,0,0,0,0,40.925,91.100,76.350
Suaza,2018,0,0,0,0,21.600,55.000,48.000,450,0,0,0,400,0,0,0,0,970,1.000,970,1000,6.900,14.200,13.800,500,0,0,0,0,2.952,4.270,3.690,800,32.422,74.470,66.460
Tarqui,2018,0,0,0,0,24.400,65.000,61.000,400,0,0,0,703,4.400,5.800,5.500,800,0,0,0,0,0,0,0,0,1.500,3.200,3.000,500,0,0,0,0,30.300,74.000,69.500
Pitalito,2018,0,0,0,0,176.000,560.000,435.000,405,0,0,0,400,49.300,67.000,58.000,850,4.237,4.100,3.852,1100,59.500,125.000,119.000,500,252,500,475,530,2.415,6.800,6.355,380,291.704,763.400,622.682
Acevedo,2018,0,0,0,0,90.000,300.000,180.000,500,1.150,3.000,2.300,500,54.000,200.000,120.000,450,1.200,5.000,3.000,400,4.500,10.000,9.000,500,5.000,20.000,10.000,500,0,0,0,0,155.850,538.000,324.300
Elias,2018,0,0,0,0,2.408,6.700,5.600,430,0,0,0,15300,2.465,5.000,4.650,530,98,150,140,703,835,2.000,1.670,500,139,400,300,463,0,0,0,0,5.945,14.250,12.360
Isnos,2018,0,0,0,0,3.675,4.500,7.350,500,890,4.000,1.780,500,528,900,880,600,1.183,5.300,2.150,550,1.095,5.200,1.990,550,0,0,0,0,0,0,0,0,7.370,19.900,14.150
Oporapa,2018,0,0,0,0,3.850,12.000,11.000,350,0,0,0,120,307,550,512,600,420,670,600,700,2.550,4.800,4.250,600,0,0,0,0,0,0,0,0,7.127,18.020,16.362
Palestina,2018,0,0,0,0,0,0,0,0,0,0,0,0,0,0,0,0,0,0,0,0,115.500,200.000,154.000,750,0,0,0,0,0,0,0,0,115.500,200.000,154.000
Saladoblanco,2018,0,0,0,0,11.500,25.000,23.000,500,4.500,10.000,9.000,500,0,0,0,0,0,0,0,0,14.000,30.000,28.000,500,0,0,0,0,0,0,0,0,30.000,65.000,60.000
San Agustín,2018,0,0,0,0,1.500,3.400,3.000,500,0,0,0,100,0,0,0,0,0,0,0,0,4.350,12.000,8.700,500,0,0,0,0,0,0,0,0,5.850,15.400,11.700
Timaná,2018,0,0,0,0,6.390,15.000,14.200,450,2.115,3.000,4.700,450,2.115,5.000,4.700,450,540,1.000,900,600,0,0,0,0,81,200,180,450,203,500,450,450,11.444,24.700,25.130
Neiva,2019,0,0,0,0,2.800.000,10.000.000,8.000.000,350,650.000,1.340.000,1.000.000,650,375.000,600.000,500.000,750,4.000,10.000,7.500,533,4.500,10.000,8.500,529,20.250,60.000,45.000,450,0,0,0,0,3.853.750,12.020.000,9.561.000
Aipe,2019,0,0,0,0,6.050.000,11.500.000,11.000.000,550,624.035,1.200.000,980.000,637,750.000,800.000,750.000,1000,1.750,2.300,1.760,994,0,0,0,0,2.550,6.700,5.500,464,5.500,10.000,8.700,632,7.433.835,13.519.000,12.745.960
Algeciras,2019,0,0,0,0,340.000,750.000,580.000,586,0,0,0,500,2.000,2.300,2.000,1000,0,0,0,0,27.800,56.000,43.000,647,5.250,12.000,9.000,583,3.350,10.000,6.700,500,378.400,830.300,640.700
Baraya,2019,0,0,0,0,635.000,858.000,795.000,799,0,0,0,700,42.400,72.000,53.000,800,0,0,0,0,0,0,0,0,0,0,0,0,2.990,5.700,4.600,650,680.390,935.700,852.600
Campoalegre,2019,12.740.000,34.500.000,20.200.000,631,840.500,3.200.000,2.050.000,410,1.440.000,3.450.000,2.300.000,626,101.500,170.000,145.000,700,3.100,3.500,3.100,1000,0,0,0,0,4.635,12.500,10.300,450,600,1.500,1.200,500,15.130.335,41.337.500,24.709.600
Colombia,2019,0,0,0,0,125.600,20.000,16.000,7850,0,0,0,200,810,2.300,1.500,540,0,0,0,0,0,0,0,0,0,0,0,0,0,0,0,0,126.410,22.300,17.500
Hobo,2019,2.130.000,3.700.000,1.970.000,1.081,720.000,2.850.000,1.740.000,414,1.008.000,3.100.000,2.000.000,504,99.000,135.000,120.000,825,0,0,0,0,0,0,0,0,0,0,0,0,0,0,0,0,3.957.000,9.785.000,5.830.000
Iquira,2019,0,0,0,0,620.500,380.000,276.000,2248,620.000,1.800.000,970.000,639,5.900,7.200,5.900,1000,0,0,0,0,8.700,25.000,18.000,483,0,0,0,0,0,0,0,0,1.255.100,2.212.200,1.269.900
Palermo,2019,0,0,0,0,1.840.000,4.760.000,3.100.000,594,0,0,0,100,120.000,250.000,200.000,600,0,0,0,0,0,0,0,0,0,0,0,0,0,0,0,0,1.960.000,5.010.000,3.300.000
Rivera,2019,0,0,0,0,742.500,2.300.000,1.650.000,450,0,0,0,0,200.000,300.000,200.000,1000,0,0,0,0,0,0,0,0,0,0,0,0,0,0,0,0,942.500,2.600.000,1.850.000
Santa Maria,2019,0,0,0,0,0,0,0,0,0,0,0,600,0,0,0,0,3.000,6.500,4.500,667,27.000,60.000,45.000,600,0,0,0,0,0,0,0,0,30.000,66.500,49.500
Tello,2019,0,0,0,0,710.500,30.000,28.000,25375,0,0,0,270,5.500,8.000,5.500,1000,0,0,0,0,0,0,0,0,0,0,0,0,1.200,2.100,1.800,667,717.200,40.100,35.300
Teruel,2019,0,0,0,0,8.296,16.000,24.400,340,0,0,0,400,560,1.000,800,700,0,0,0,0,14.000,25.600,23.000,609,0,0,0,0,0,0,0,0,22.856,42.600,48.200
Villavieja,2019,0,0,0,0,3.865.000,7.450.000,6.350.000,609,1.134.200,3.000.000,1.870.000,607,33.908,80.000,67.000,506,0,0,0,0,0,0,0,0,3.450,11.000,7.800,442,11.950,28.000,23.000,520,5.048.508,10.569.000,8.317.800
Yaguará ,2019,10.478.000,32.000.000,15.700.000,667,378.000,1.800.000,1.260.000,300,0,0,0,0,0,0,0,0,0,0,0,0,0,0,0,0,0,0,0,0,0,0,0,0,10.856.000,33.800.000,16.960.000
La PLata,2019,0,0,0,0,225.000,450.000,325.000,692,0,0,0,500,36.000,55.000,48.000,750,34.000,45.000,38.000,895,0,0,0,0,0,0,0,0,0,0,0,0,295.000,550.000,411.000
La Argentina,2019,0,0,0,0,230.000,85.000,75.000,3067,0,0,0,200,5.330,10.000,8.200,650,0,0,0,0,12.800,30.000,25.600,500,0,0,0,0,0,0,0,0,248.130,125.000,108.800
Nátaga,2019,0,0,0,0,5.200,16.000,13.000,400,0,0,0,200,2.310,5.000,3.850,600,0,0,0,0,650,1.500,1.300,500,0,0,0,0,0,0,0,0,8.160,22.500,18.150
Paicol,2019,0,0,0,0,124.300,60.000,54.000,2302,0,0,0,200,6.000,10.000,8.000,750,0,0,0,0,0,0,0,0,0,0,0,0,1.125,2.000,1.500,750,131.425,72.000,63.500
Tesalia,2019,0,0,0,0,40.000,100.000,80.000,500,0,0,0,0,2.400,5.000,4.800,500,0,0,0,0,0,0,0,0,0,0,0,0,0,0,0,0,42.400,105.000,84.800
Garzón,2019,0,0,0,0,4.800.000,6.950.000,6.870.000,699,156.000,500.000,390.000,400,550.000,640.000,550.000,1000,480.000,535.000,480.000,1000,284.000,780.000,710.000,400,275.000,676.000,550.000,500,464.000,650.000,580.000,800,7.009.000,10.731.000,10.130.000
Agrado,2019,0,0,0,0,205.375,18.000,12.500,16430,0,0,0,200,2.500,3.500,2.500,1000,0,0,0,0,0,0,0,0,0,0,0,0,0,0,0,0,207.875,21.500,15.000
Altamira,2019,0,0,0,0,55.000,170.000,110.000,500,55.000,175.000,110.000,500,0,0,0,0,0,0,0,0,0,0,0,0,0,0,0,0,0,0,0,0,110.000,345.000,220.000
Gigante,2019,0,0,0,0,1.664.640,4.160.000,3.161.600,527,218.880,720.000,547.200,400,0,0,0,0,0,0,0,0,0,0,0,0,87.400,230.000,174.800,500,0,0,0,0,1.970.920,5.110.000,3.883.600
Guadalupe,2019,0,0,0,0,190.475,250.000,235.000,811,0,0,0,14800,101.000,250.000,200.000,505,480,1.400,1.000,480,5.500,12.000,11.000,500,304,1.000,800,380,0,0,0,0,297.759,514.400,447.800
Pital,2019,0,0,0,0,125.000,62.000,50.000,2500,5.000,13.000,12.500,400,7.350,8.100,7.350,1000,0,0,0,0,3.575,8.000,6.500,550,0,0,0,0,0,0,0,0,140.925,91.100,76.350
Suaza,2019,0,0,0,0,121.600,55.000,48.000,2533,0,0,0,200,0,0,0,0,970,1.000,970,1000,6.900,14.200,13.800,500,0,0,0,0,2.952,4.270,3.690,800,132.422,74.470,66.460
Tarqui,2019,0,0,0,0,124.400,65.000,61.000,2039,0,0,0,703,4.400,5.800,5.500,800,0,0,0,0,0,0,0,0,1.500,3.200,3.000,500,0,0,0,0,130.300,74.000,69.500
Pitalito,2019,0,0,0,0,376.000,560.000,435.000,864,0,0,0,800,49.300,67.000,58.000,850,4.237,4.100,3.852,1100,67.000,125.000,156.000,429,252,500,475,530,2.415,6.800,6.355,380,499.204,763.400,659.682
Acevedo,2019,0,0,0,0,190.000,300.000,180.000,1056,1.150,3.000,2.300,500,54.000,200.000,120.000,450,1.200,5.000,3.000,400,4.500,10.000,9.000,500,5.000,20.000,10.000,500,0,0,0,0,255.850,538.000,324.300
Elias,2019,0,0,0,0,102.408,6.700,5.600,18287,0,0,0,15300,2.465,5.000,4.650,530,98,150,140,703,835,2.000,1.670,500,139,400,300,463,0,0,0,0,105.945,14.250,12.360
Isnos,2019,0,0,0,0,103.675,4.500,7.350,14105,890,4.000,1.780,500,528,900,880,600,1.183,5.300,2.150,550,1.095,5.200,1.990,550,0,0,0,0,0,0,0,0,107.370,19.900,14.150
Oporapa,2019,0,0,0,0,103.850,12.000,11.000,9441,0,0,0,120,307,550,512,600,420,670,600,700,2.550,4.800,4.250,600,0,0,0,0,0,0,0,0,107.127,18.020,16.362
Palestina,2019,0,0,0,0,0,0,0,0,0,0,0,900,0,0,0,0,0,0,0,0,115.000,290.000,245.000,469,0,0,0,0,0,0,0,0,115.000,290.000,245.000
Saladoblanco,2019,0,0,0,0,111.500,25.000,23.000,4848,4.500,10.000,9.000,500,0,0,0,0,0,0,0,0,14.000,30.000,28.000,500,0,0,0,0,0,0,0,0,130.000,65.000,60.000
San Agustín,2019,0,0,0,0,101.500,3.400,3.000,33833,0,0,0,100,0,0,0,0,0,0,0,0,4.350,12.000,8.700,500,0,0,0,0,0,0,0,0,105.850,15.400,11.700
Timaná,2019,0,0,0,0,106.390,15.000,14.200,7492,2.115,3.000,4.700,450,2.115,5.000,4.000,529,540,1.000,900,600,0,0,0,0,81,200,180,450,203,500,450,450,111.444,24.700,24.430
Neiva,2020,0,0,0,0,2.800.000,10.000.000,8.000.000,350,700.000,1.340.000,1.100.000,636,370.000,600.000,500.000,740,4.000,10.000,7.500,533,20.000,38.000,34.000,588,20.250,60.000,45.000,450,0,0,0,0,3.914.250,12.048.000,9.686.500
Aipe,2020,0,0,0,0,6.050.000,11.500.000,11.000.000,550,1.000.000,1.530.000,1.430.000,699,700.000,800.000,750.000,933,1.750,2.300,1.760,994,0,0,0,0,2.550,6.700,5.500,464,5.500,10.000,8.700,632,7.759.800,13.849.000,13.195.960
Algeciras,2020,0,0,0,0,510.000,1.450.000,1.200.000,425,0,0,0,400,2.000,2.300,2.000,1000,0,0,0,0,32.000,65.000,55.000,582,5.250,12.000,9.000,583,3.350,10.000,6.700,500,552.600,1.539.300,1.272.700
Baraya,2020,0,0,0,0,635.000,1.540.000,1.350.000,470,0,0,0,400,42.400,72.000,53.000,800,0,0,0,0,0,0,0,0,0,0,0,0,2.990,5.700,4.600,650,680.390,1.617.700,1.407.600
Campoalegre,2020,13.200.000,34.700.000,20.000.000,660,840.500,3.200.000,2.050.000,410,1.500.000,3.450.000,2.300.000,652,101.500,170.000,145.000,700,3.100,3.500,3.100,1000,0,0,0,0,4.635,12.500,10.300,450,600,1.500,1.200,500,15.650.335,41.537.500,24.509.600
Colombia,2020,0,0,0,0,125.600,500.000,340.000,369,0,0,0,30,810,2.300,1.500,540,0,0,0,0,0,0,0,0,0,0,0,0,0,0,0,0,126.410,502.300,341.500
Hobo,2020,2.100.000,3.700.000,1.970.000,1.066,760.000,2.850.000,1.740.000,437,1.100.000,2.560.000,1.800.000,611,99.000,135.000,120.000,825,0,0,0,0,0,0,0,0,0,0,0,0,0,0,0,0,4.059.000,9.245.000,5.630.000
Iquira,2020,0,0,0,0,620.500,2.000.000,1.450.000,428,50.000,150.000,110.000,455,5.900,7.200,5.900,1000,0,0,0,0,16.500,33.000,30.000,550,0,0,0,0,0,0,0,0,692.900,2.190.200,1.595.900
Palermo,2020,0,0,0,0,1.840.000,4.760.000,3.100.000,594,0,0,0,100,120.000,250.000,200.000,600,0,0,0,0,0,0,0,0,0,0,0,0,0,0,0,0,1.960.000,5.010.000,3.300.000
Rivera,2020,0,0,0,0,810.000,2.500.000,1.850.000,438,0,0,0,0,200.000,300.000,200.000,1000,0,0,0,0,0,0,0,0,0,0,0,0,0,0,0,0,1.010.000,2.800.000,2.050.000
Santa Maria,2020,0,0,0,0,0,0,0,0,0,0,0,600,0,0,0,0,3.000,6.500,4.500,667,27.000,60.000,45.000,600,0,0,0,0,0,0,0,0,30.000,66.500,49.500
Tello,2020,0,0,0,0,710.500,1.920.000,1.420.000,500,0,0,0,570,5.500,8.000,5.500,1000,0,0,0,0,0,0,0,0,0,0,0,0,1.200,2.100,1.800,667,717.200,1.930.100,1.427.300
Teruel,2020,0,0,0,0,8.296,16.000,24.400,340,0,0,0,400,560,1.000,800,700,0,0,0,0,14.000,25.600,23.000,609,0,0,0,0,0,0,0,0,22.856,42.600,48.200
Villavieja,2020,0,0,0,0,3.865.000,7.450.000,6.350.000,609,1.350.000,3.200.000,2.050.000,659,33.908,80.000,67.000,506,0,0,0,0,0,0,0,0,3.450,11.000,7.800,442,11.950,28.000,23.000,520,5.264.308,10.769.000,8.497.800
Yaguará ,2020,10.550.000,32.000.000,15.700.000,672,378.000,1.550.000,1.100.000,344,0,0,0,550,0,0,0,0,0,0,0,0,0,0,0,0,0,0,0,0,0,0,0,0,10.928.000,33.550.000,16.800.000
La PLata,2020,0,0,0,0,225.000,610.000,560.000,402,0,0,0,100,36.000,55.000,48.000,750,34.000,45.000,38.000,895,0,0,0,0,0,0,0,0,0,0,0,0,295.000,710.000,646.000
La Argentina,2020,0,0,0,0,230.000,550.000,476.000,483,0,0,0,900,5.330,10.000,8.200,650,0,0,0,0,12.800,30.000,25.600,500,0,0,0,0,0,0,0,0,248.130,590.000,509.800
Nátaga,2020,0,0,0,0,5.200,16.000,13.000,400,0,0,0,200,2.310,5.000,3.850,600,0,0,0,0,750,1.500,1.300,577,0,0,0,0,0,0,0,0,8.260,22.500,18.150
Paicol,2020,0,0,0,0,124.300,470.000,315.000,395,0,0,0,300,6.000,10.000,8.000,750,0,0,0,0,0,0,0,0,0,0,0,0,1.125,2.000,1.500,750,131.425,482.000,324.500
Tesalia,2020,0,0,0,0,40.000,100.000,80.000,500,0,0,0,0,2.400,5.000,4.800,500,0,0,0,0,0,0,0,0,0,0,0,0,0,0,0,0,42.400,105.000,84.800
Garzón,2020,0,0,0,0,4.800.000,10.100.000,8.600.000,558,205.000,500.000,390.000,526,530.000,640.000,550.000,964,480.000,535.000,480.000,1000,284.000,780.000,710.000,400,275.000,676.000,550.000,500,464.000,650.000,580.000,800,7.038.000,13.881.000,11.860.000
Agrado,2020,0,0,0,0,205.375,620.000,450.000,456,0,0,0,250,2.500,3.500,2.500,1000,0,0,0,0,0,0,0,0,0,0,0,0,0,0,0,0,207.875,623.500,452.500
Altamira,2020,0,0,0,0,55.000,170.000,110.000,500,0,0,0,700,0,0,0,0,0,0,0,0,0,0,0,0,0,0,0,0,0,0,0,0,55.000,170.000,110.000
Gigante,2020,0,0,0,0,1.664.640,4.160.000,3.161.600,527,230.000,720.000,547.200,420,0,0,0,0,0,0,0,0,0,0,0,0,87.400,230.000,174.800,500,0,0,0,0,1.982.040,5.110.000,3.883.600
Guadalupe,2020,0,0,0,0,190.475,250.000,235.000,811,0,0,0,14800,101.000,250.000,200.000,505,480,1.400,1.000,480,5.500,12.000,11.000,500,304,1.000,800,380,0,0,0,0,297.759,514.400,447.800
Pital,2020,0,0,0,0,125.000,460.000,305.000,410,0,0,0,710,7.350,8.100,7.350,1000,0,0,0,0,3.575,8.000,6.500,550,0,0,0,0,0,0,0,0,135.925,476.100,318.850
Suaza,2020,0,0,0,0,121.600,370.000,300.000,405,0,0,0,400,0,0,0,0,970,1.000,970,1000,6.900,14.200,13.800,500,0,0,0,0,2.952,4.270,3.690,800,132.422,389.470,318.460
Tarqui,2020,0,0,0,0,124.400,320.000,286.000,435,0,0,0,203,4.400,5.800,5.500,800,0,0,0,0,0,0,0,0,1.500,3.200,3.000,500,0,0,0,0,130.300,329.000,294.500
Pitalito,2020,0,0,0,0,385.000,950.000,810.000,475,0,0,0,400,49.300,67.000,58.000,850,3.550,4.100,3.852,922,105.000,200.000,176.000,597,252,500,475,530,2.415,6.800,6.355,380,545.517,1.228.400,1.054.682
Acevedo,2020,0,0,0,0,150.000,530.000,430.000,349,1.150,3.000,2.300,500,54.000,200.000,120.000,450,1.200,5.000,3.000,400,4.500,10.000,9.000,500,5.000,20.000,10.000,500,0,0,0,0,215.850,768.000,574.300
Elias,2020,0,0,0,0,87.000,250.000,187.000,465,0,0,0,55300,2.465,5.000,4.650,530,98,150,140,703,835,2.000,1.670,500,139,400,300,463,0,0,0,0,90.537,257.550,193.760
Isnos,2020,0,0,0,0,95.000,235.000,200.000,475,890,4.000,1.780,500,528,900,880,600,1.183,5.300,2.150,550,1.095,5.200,1.990,550,0,0,0,0,0,0,0,0,98.695,250.400,206.800
Oporapa,2020,0,0,0,0,45.000,135.000,105.000,429,0,0,0,400,307,550,512,600,420,670,600,700,2.550,4.800,4.250,600,0,0,0,0,0,0,0,0,48.277,141.020,110.362
Palestina,2020,0,0,0,0,0,0,0,0,0,0,0,900,0,0,0,0,0,0,0,0,105.000,290.000,245.000,429,0,0,0,0,0,0,0,0,105.000,290.000,245.000
Saladoblanco,2020,0,0,0,0,50.000,145.000,125.000,400,4.500,10.000,9.000,500,0,0,0,0,0,0,0,0,14.000,30.000,28.000,500,0,0,0,0,0,0,0,0,68.500,185.000,162.000
San Agustín,2020,0,0,0,0,65.000,215.000,176.000,369,0,0,0,250,0,0,0,0,0,0,0,0,5.400,12.500,9.500,568,0,0,0,0,0,0,0,0,70.400,227.500,185.500
Timaná,2020,0,0,0,0,76.000,210.000,167.000,455,2.115,3.000,4.700,450,2.115,5.000,4.000,529,540,1.000,900,600,0,0,0,0,81,200,180,450,203,500,450,450,81.054,219.700,177.230